id,date,lon,lat,contrast_db,area_px,confidence,reviewer_verdict (ship / not ship / unsure),reviewer_name,notes
2026-01-06-G03,2026-01-06,78.1866,8.6245,11.1,16,58,,,
2026-01-06-G09,2026-01-06,79.2202,9.1985,12.0,8,57,,,
2026-01-06-G16,2026-01-06,79.4041,9.6119,12.1,12,59,,,
2026-01-06-G22,2026-01-06,79.3976,9.7277,10.0,25,57,,,
2026-01-06-G23,2026-01-06,79.5518,10.1013,10.8,30,59,,,
2026-01-06-G24,2026-01-06,79.5574,10.1063,12.7,27,63,,,
2026-01-06-G25,2026-01-06,79.5567,10.1152,12.0,23,62,,,
2026-01-06-G30,2026-01-06,79.7759,10.2242,10.7,14,56,,,
2026-01-06-G31,2026-01-06,79.4626,10.2647,13.6,31,65,,,
2026-01-18-G12,2026-01-18,79.2228,9.2227,13.6,21,65,,,
2026-01-30-G04,2026-01-30,78.2039,8.6447,13.0,8,59,,,
2026-01-30-G05,2026-01-30,78.2071,8.6509,14.1,18,66,,,
2026-01-30-G10,2026-01-30,79.1364,8.7739,14.9,25,68,,,
2026-01-30-G17,2026-01-30,78.3466,8.8633,16.1,29,71,,,
2026-01-30-G27,2026-01-30,79.4997,9.0758,10.0,21,57,,,
2026-01-30-G28,2026-01-30,79.2101,9.0767,13.4,16,63,,,
2026-01-30-G29,2026-01-30,79.4987,9.0833,15.4,29,69,,,
2026-01-30-G31,2026-01-30,78.8671,9.1275,10.8,10,55,,,
2026-01-30-G33,2026-01-30,79.4426,9.5375,13.8,22,66,,,
2026-01-30-G35,2026-01-30,79.4195,9.6268,12.3,22,62,,,
2026-01-30-G48,2026-01-30,79.5633,10.2328,12.1,24,62,,,
2026-01-30-G49,2026-01-30,79.6435,10.2423,11.7,17,60,,,
2026-01-30-G50,2026-01-30,79.5335,10.2797,14.7,28,68,,,
